,txn_id,queue_number,date,customer_name,account_number
0,1,A-001,22/08/2026,ชิดชนก เยาวธนโชค,607-8-71898-0
1,2,A-002,22/08/2026,พุทธิพงษ์ ดัตพันธุ์,880-1-68377-0
2,3,A-003,22/08/2026,เพ็ญยุภา แท่นทอง,131-1-13335-0
3,4,A-004,22/08/2026,นวรรษนันท์ ทวีเดช,640-4-67394-0
4,5,A-005,22/08/2026,ฌาฆีภัตฐ์ ธรรมนิยม,570-5-12816-0
5,6,A-006,22/08/2026,สิราพร ยะผา,440-9-65326-0
6,7,A-007,22/08/2026,เสรี นาถะเดชะ,617-7-87201-0
7,8,A-008,22/08/2026,ปัณณธร ทุมะบุตร์,277-6-81932-0
8,9,A-009,22/08/2026,พรพิไล พีระเพ็ญกุล,633-7-58565-0
9,10,A-010,22/08/2026,ณัฐธภรณ์ หนักแน่น,729-7-94824-0
10,11,A-011,22/08/2026,สุกฤษตา ถนิมมาศ,652-9-40431-0
11,12,A-012,22/08/2026,เกษตร ขุนดำ,375-9-89815-0
12,13,A-013,22/08/2026,อรจิรา เวียงจันทึก,310-7-17356-0
13,14,A-014,22/08/2026,ประจิน ตัณฑนุช,932-6-64319-0
14,15,A-015,22/08/2026,พรสวรรค์ เขียวขุ้ย,714-1-40094-0
15,16,A-016,22/08/2026,ฟารินี ทำประดู่,916-5-14254-0
16,17,A-017,22/08/2026,จุฑาภรณ์ ตันยา,387-4-45211-0
17,18,A-018,22/08/2026,ผดุงพล นิษประปัญจ์,361-9-32039-0
18,19,A-019,22/08/2026,เพ็ญยุภา ไทนิยม,585-2-13097-0
19,20,A-020,22/08/2026,โสภา ขำเอนก,847-9-37405-0
20,21,A-021,22/08/2026,วนาลี ศิวะวรเวท,264-8-76362-0
21,22,A-022,22/08/2026,เนติลักษณ์ นำธวัช,628-8-39254-0
22,23,A-023,22/08/2026,ทองรัตน์ บุณยะภาชน์,536-1-49138-0
23,24,A-024,22/08/2026,สิริกานต์ บินดี,417-5-30736-0
24,25,A-025,22/08/2026,กุลภาวลัย ไม้แดง,138-4-84747-0
25,26,A-026,22/08/2026,ยูซุฟ ถนัดการยนต์,201-4-85154-0
26,27,A-027,22/08/2026,วรรณรัตน์ ไสยกิจ,616-8-12254-0
27,28,A-028,22/08/2026,ณัฐติญา ราชมณี,676-3-54445-0
28,29,A-029,22/08/2026,เอกอธิพงษ์ เตชะกำพุ,452-9-73504-0
29,30,A-030,22/08/2026,สุชิน นิลสุวรรณ์,651-4-45128-0
30,31,A-031,22/08/2026,ศดิศ นรวิทย์โชติกุล,216-5-40826-0
31,32,A-032,22/08/2026,โชคภาดล ทำประดู่,516-2-59837-0
32,33,A-033,22/08/2026,ภารวี ดุษฎีวนิช,487-2-84813-0
33,34,A-034,22/08/2026,ศรลักษณ์ ธรรมเมธา,677-9-24983-0
34,35,A-035,22/08/2026,อาฮามัด งามพิเชษฐ์,786-1-22017-0
35,36,A-036,22/08/2026,ปิยนุช ร่มธิติรัตน์,904-7-31236-0
36,37,A-037,22/08/2026,นรีกานต์ เดชวา,205-7-59581-0
37,38,A-038,22/08/2026,กิติยาธรณ์ ตันเผ่า,767-6-15193-0
38,39,A-039,22/08/2026,ภัคศุภางค์ ตะละภัฏ,427-8-61284-0
39,40,A-040,22/08/2026,สิทธิชัย ธีวร,566-2-42776-0
40,41,A-001,23/08/2026,อัญธิกา เยาวธนโชค,580-6-43958-0
41,42,A-002,23/08/2026,อมัด ศรีอุ่น,191-8-21860-0
42,43,A-003,23/08/2026,นารดา นรวิทย์โชติกุล,424-5-42223-0
43,44,A-004,23/08/2026,สมเกียรติ พงศ์ฉบับนภา,325-1-41950-0
44,45,A-005,23/08/2026,เขมจิรา ผลบุญ,750-1-48118-0
45,46,A-006,23/08/2026,สุรนัย หอมพิกุล,914-6-20106-0
46,47,A-007,23/08/2026,เอนกพงศ์ วาทา,427-5-24008-0
47,48,A-008,23/08/2026,ชิดชนก นฤทุกข์,132-6-91727-0
48,49,A-009,23/08/2026,อรพิณ ธัญาโภชน์,982-4-43107-0
49,50,A-010,23/08/2026,ฮานาฟี ภูภักดี,549-9-69416-0
50,51,A-011,23/08/2026,สุชิน ถาวรายุศม์,526-1-18168-0
51,52,A-012,23/08/2026,จันทภา นพคเชนทร์,948-5-62140-0
52,53,A-013,23/08/2026,อภิลักษณ์ นาคะนคร,641-6-75653-0
53,54,A-014,23/08/2026,ยนงคราญ ตันเผ่า,803-8-39499-0
54,55,A-015,23/08/2026,จิฬาภรณ์ นากกนก,381-4-16317-0
55,56,A-016,23/08/2026,ศจีกาญจน์ เช้าวันดี,809-5-82393-0
56,57,A-017,23/08/2026,โกวิทย์ ยาปะโลหิต,976-2-89443-0
57,58,A-018,23/08/2026,ชัชเวศย์ วาทา,836-1-74884-0
58,59,A-019,23/08/2026,อนิวัฒน์ ขอหมั่นกลาง,657-1-78704-0
59,60,A-020,23/08/2026,พีรพัฒน์ ถนอมพล,242-2-68334-0
60,61,A-021,23/08/2026,มาสิตะ นามเสวตร,433-8-26558-0
61,62,A-022,23/08/2026,วิถี ถนัดพิมพการ,220-5-46395-0
62,63,A-023,23/08/2026,นัฐพล ดุริยพันธุ์,692-1-14038-0
63,64,A-024,23/08/2026,จณิสตา หอมพิกุล,379-5-86773-0
64,65,A-025,23/08/2026,นาตยา ถนอมมนุษย์,602-7-25964-0
65,66,A-026,23/08/2026,อนุบาล เนื้อนุ่ม,926-1-25475-0
66,67,A-027,23/08/2026,กันตวรรณ ธนรักษ์,239-2-75584-0
67,68,A-028,23/08/2026,เกษมชัย ถนัดอักษร,226-8-68923-0
68,69,A-029,23/08/2026,วิชา ทองสุกเลิศ,604-2-94891-0
69,70,A-030,23/08/2026,ไพสิฐ เณรานุสนธิ์,839-9-36067-0
70,71,A-031,23/08/2026,สิริ บุญญาไลย์,412-3-68902-0
71,72,A-032,23/08/2026,อำพร นาถะเดชะ,514-6-91477-0
72,73,A-033,23/08/2026,รอกีเย๊าะ อุลหัสสา,121-7-92478-0
73,74,A-034,23/08/2026,ปุณณรัตน์ ขันธุลา,719-1-55803-0
74,75,A-035,23/08/2026,ธวัศชา คณานุรักษ์,573-5-73510-0
75,76,A-036,23/08/2026,อณาวิน แน่นดุจป้อม,532-2-56553-0
76,77,A-037,23/08/2026,จิตรลดา ยะผา,265-2-62680-0
77,78,A-038,23/08/2026,ฮามีย๊ะ นำธวัช,441-5-18985-0
78,79,A-039,23/08/2026,ปิยะนันท์ ธูปะวิโรจน์,623-9-16519-0
79,80,A-040,23/08/2026,สรายุทธ นิละทัต,724-4-61453-0
80,81,A-001,24/08/2026,นารดา นำธวัช,327-5-89947-0
81,82,A-002,24/08/2026,จิรวิทย์ บุญศล,354-5-34890-0
82,83,A-003,24/08/2026,เทพณรงค์ อัตตนาถ,845-3-89463-0
83,84,A-004,24/08/2026,ศิรินันท์ จ้อยนุแสง,551-6-50601-0
84,85,A-005,24/08/2026,ใจกลาง เลขะพันธุ์,169-2-39834-0
85,86,A-006,24/08/2026,รัฐพงษ์ ศิวะวรเวท,928-1-38384-0
86,87,A-007,24/08/2026,พิมพ์ประภา ดุริยพันธุ์,727-8-54884-0
87,88,A-008,24/08/2026,ชัญญานุนาย แต้กุล,338-8-68958-0
88,89,A-009,24/08/2026,กวีฉัฏฐ นวลฉวี,693-7-37775-0
89,90,A-010,24/08/2026,ณัฐธภรณ์ มนทอง,318-2-16057-0
90,91,A-011,24/08/2026,อารีย์ ศรีวงค์,300-7-30980-0
91,92,A-012,24/08/2026,นัสรุน เมืองสุข,678-7-43314-0
92,93,A-013,24/08/2026,ศุภชัย ตะละภัฏ,162-9-26898-0
93,94,A-014,24/08/2026,ฐิติวุฒิ ตั้งกุลงาม,611-3-46604-0
94,95,A-015,24/08/2026,ณัฐธภรณ์ ตวงทอง,366-4-42168-0
95,96,A-016,24/08/2026,ณัฐศักดิ์ ไสยกิจ,162-6-81686-0
96,97,A-017,24/08/2026,ยศพนต์ ธัญาโภชน์,373-2-42975-0
97,98,A-018,24/08/2026,กุลเชษฐ ถมังรักษสัตว์,154-2-77218-0
98,99,A-019,24/08/2026,สิริ ถนัดการยนต์,644-1-68110-0
99,100,A-020,24/08/2026,ธีรวุฒิ ตะละภัฏ,637-5-21845-0
100,101,A-021,24/08/2026,โยธิการ์ นวลเพ็ง,367-6-27040-0
101,102,A-022,24/08/2026,วิกิจ ทันยุค,535-4-75895-0
102,103,A-023,24/08/2026,ภานุวัตร นิละทัต,698-8-23721-0
103,104,A-024,24/08/2026,วนาลี ทวีเดช,954-9-80204-0
104,105,A-025,24/08/2026,สุภาพร เวียงจันทึก,199-7-55269-0
105,106,A-026,24/08/2026,ภัคชัญญา นกทอง,527-5-51785-0
106,107,A-027,24/08/2026,เจตพินิษฐ์ บุญญาภิรมย์,224-3-51564-0
107,108,A-028,24/08/2026,เชิงชาย ดาวกระจาย,472-7-20245-0
108,109,A-029,24/08/2026,นัฐพล ศาสตร์ศิลป์,357-4-85207-0
109,110,A-030,24/08/2026,ภาสวุฒิ บุนยะศัพท์,448-9-76524-0
110,111,A-031,24/08/2026,ณิชนันท์ ธัญาโภชน์,215-3-63884-0
111,112,A-032,24/08/2026,ศภัคชคง ถาวรรัตน,367-2-92855-0
112,113,A-033,24/08/2026,เถลิงยศ ถนัดพิมพการ,623-7-12863-0
113,114,A-034,24/08/2026,ศศิยา หนักแน่น,712-8-40830-0
114,115,A-035,24/08/2026,ธนภณ นับเนื่องนอ,843-2-43627-0
115,116,A-036,24/08/2026,เลิศเดช คำลือ,598-2-62919-0
116,117,A-037,24/08/2026,ฉลองชัย ทวีเดช,406-1-80880-0
117,118,A-038,24/08/2026,โรสชา ดาบเงิน,895-9-94547-0
118,119,A-039,24/08/2026,เถลิงยศ นานายน,745-5-69312-0
119,120,A-040,24/08/2026,เฉลิมรัฐ นักรบ,266-5-93448-0
120,121,A-001,25/08/2026,ชัญญานุนาย ฉิมพาลี,388-1-21858-0
121,122,A-002,25/08/2026,ไวพจน์ ศรีธนะเวทย์,481-8-54111-0
122,123,A-003,25/08/2026,ชลิดา นกทอง,251-1-32554-0
123,124,A-004,25/08/2026,อภิลักษณ์ ศรีเผด็จ,522-5-77343-0
124,125,A-005,25/08/2026,ดิลก พรมอ่อน,597-4-74405-0
125,126,A-006,25/08/2026,รูไกยะฮ์ ถนัดภาษา,253-4-13425-0
126,127,A-007,25/08/2026,ทองสิริ นิลเสนา,840-3-10392-0
127,128,A-008,25/08/2026,ไชยภพ ทองสินธุ์,647-7-55442-0
128,129,A-009,25/08/2026,ราณี ศรทอง,954-2-44777-0
129,130,A-010,25/08/2026,บุญเกิด ติระคมน์,905-4-98710-0
130,131,A-011,25/08/2026,นนทกาญจน์ ด้วงโสน,609-7-25224-0
131,132,A-012,25/08/2026,นัฐพล นุชแนวนุ่ม,633-5-64605-0
132,133,A-013,25/08/2026,ธีราทัต บุณยะภาชน์,907-6-73697-0
133,134,A-014,25/08/2026,โสภณ ศาสตร์ศิลป์,653-8-49303-0
134,135,A-015,25/08/2026,ยุภา อุ่นอก,233-5-35599-0
135,136,A-016,25/08/2026,จิฬาภรณ์ แต้กุล,723-9-29510-0
136,137,A-017,25/08/2026,ราชัน ซาซุม,319-8-58193-0
137,138,A-018,25/08/2026,นวรรษนันท์ ถนิมมาศ,694-8-80092-0
138,139,A-019,25/08/2026,เกียรติก้อง แก้วอยู่,879-4-51335-0
139,140,A-020,25/08/2026,พรสวรรค์ นาคสุทิน,330-2-93265-0
140,141,A-021,25/08/2026,อธิวัตร ทองแท้,615-5-65347-0
141,142,A-022,25/08/2026,สันชัย แจ้งสว่าง,325-2-39427-0
142,143,A-023,25/08/2026,สุภัทริดา ถนิมมาศ,836-9-59712-0
143,144,A-024,25/08/2026,ถนอมชัย แต้กุล,888-3-99286-0
144,145,A-025,25/08/2026,มนรัตน์ นามขำ,354-5-79419-0
145,146,A-026,25/08/2026,นาวีตา แถมธน,837-4-22302-0
146,147,A-027,25/08/2026,นิรันดร์ นพคเชนทร์,214-6-94042-0
147,148,A-028,25/08/2026,รภัสพงษ์ ตวันเยี่ยม,690-9-72335-0
148,149,A-029,25/08/2026,วีระวัฒน์ ฉิมพาลี,662-3-17069-0
149,150,A-030,25/08/2026,โชติวุฒิ บุตราช,120-5-80625-0
150,151,A-031,25/08/2026,ไชยภพ นิระหานี,862-6-19053-0
151,152,A-032,25/08/2026,อรพิณ ตันเผ่า,694-1-91139-0
152,153,A-033,25/08/2026,อำพร ถนัดหัตถกรรม,946-4-73448-0
153,154,A-034,25/08/2026,วรศาสส์ ตรีครุธพันธุ์,515-2-88774-0
154,155,A-035,25/08/2026,มัตติกา เยาวธนโชค,108-9-11271-0
155,156,A-036,25/08/2026,พิชาภพ ถะเกิงชศ,897-7-88454-0
156,157,A-037,25/08/2026,จิตรลดา นาถะพินธุ,154-2-71703-0
157,158,A-038,25/08/2026,พิชาภพ ตัณสถิตย์,701-3-79526-0
158,159,A-039,25/08/2026,ยุลิน เตชะกำพุ,770-6-72116-0
159,160,A-040,25/08/2026,ฉลองชัย ถนอมพล,141-6-65364-0
160,161,A-001,26/08/2026,พัชรีนิษฐ์ ฉายแสง,524-7-57021-0
161,162,A-002,26/08/2026,ธัญญามาศ แก้วอยู่,631-3-17344-0
162,163,A-003,26/08/2026,พิไลพร พรรษาสกุล,740-8-54693-0
163,164,A-004,26/08/2026,กองสิน ธนประทีป,953-3-62067-0
164,165,A-005,26/08/2026,ณปภัช ธัญเสถียร,903-8-71756-0
165,166,A-006,26/08/2026,เฉลิมรัฐ ธาราธร,542-8-62279-0
166,167,A-007,26/08/2026,นิติ ปานสุวรรณ,485-7-24283-0
167,168,A-008,26/08/2026,ธมน มิ่งขวัญ,783-9-47814-0
168,169,A-009,26/08/2026,รชตกร เณรานุสนธิ์,506-4-80481-0
169,170,A-010,26/08/2026,เทพณรงค์ ศรีธนะเวทย์,778-3-54888-0
170,171,A-011,26/08/2026,ธมน นพตระกูล,279-7-86723-0
171,172,A-012,26/08/2026,ภาสินี ถนัดอาวุธ,817-9-90198-0
172,173,A-013,26/08/2026,นิติ ถนัดรบ,149-7-21755-0
173,174,A-014,26/08/2026,จันทภา ดุริยพันธุ์,112-1-50895-0
174,175,A-015,26/08/2026,พรชนก เลิศกิ่ง,824-6-80082-0
175,176,A-016,26/08/2026,พุทธ ผลบุญ,815-7-36308-0
176,177,A-017,26/08/2026,ปฐวีกานต์ แหยมศิริ,965-3-91532-0
177,178,A-018,26/08/2026,ยุลิน ทับทิมไทย,358-6-60366-0
178,179,A-019,26/08/2026,จิตตานันท์ ทำประดู่,331-4-19235-0
179,180,A-020,26/08/2026,กษิดิฐ ทองเนื้อดี,667-8-61290-0
180,181,A-021,26/08/2026,นัสรุน ถนอมกุลบุตร,158-1-63134-0
181,182,A-022,26/08/2026,เกษมชัย พรสีมา,651-9-19721-0
182,183,A-023,26/08/2026,ฮามีย๊ะ นักรบ,465-3-39504-0
183,184,A-024,26/08/2026,จีรยุทธ เนตร์มณี,406-4-70745-0
184,185,A-025,26/08/2026,ฐิติกุล ดาวอร่าม,481-8-43409-0
185,186,A-026,26/08/2026,ธนวันต์ ถนอมกุลบุตร,744-2-24747-0
186,187,A-027,26/08/2026,สัญชาน นวลเพ็ง,506-2-37810-0
187,188,A-028,26/08/2026,นาทภูวพัฒน์ นาถะพินธุ,842-1-25845-0
188,189,A-029,26/08/2026,พงษ์นเรศ ธรรมนิยม,753-3-98024-0
189,190,A-030,26/08/2026,นิชนันท์ เธียรายัน,605-2-97724-0
190,191,A-031,26/08/2026,กิติกานต์ ศรีธนะเวทย์,503-9-54072-0
191,192,A-032,26/08/2026,หฤทัย นุตตาร,953-8-34745-0
192,193,A-033,26/08/2026,พัชรพร ถนัดอาวุธ,469-4-40502-0
193,194,A-034,26/08/2026,ประจิน ธนูปกรณ์,281-3-47424-0
194,195,A-035,26/08/2026,พชรภรณ์ ทองสินธุ์,509-9-85030-0
195,196,A-036,26/08/2026,ชนิศา นาถะพินธุ,150-9-72541-0
196,197,A-037,26/08/2026,อุลัยพร นิยมสำหรวจ,710-9-46408-0
197,198,A-038,26/08/2026,จด สงประเสริฐ,632-1-85451-0
198,199,A-039,26/08/2026,เพียงกมล ธาราธร,444-6-82205-0
199,200,A-040,26/08/2026,ธีราทัต ธาราธร,185-9-68485-0
200,201,A-001,27/08/2026,ราชพฤกษ์ ถนัดรบ,432-6-38041-0
201,202,A-002,27/08/2026,วรรณาต นฤทุกข์,620-7-57190-0
202,203,A-003,27/08/2026,นภนต์ เนื้อนุ่ม,745-4-44801-0
203,204,A-004,27/08/2026,ณัฐพิชา ชำนาญวาด,373-7-20917-0
204,205,A-005,27/08/2026,สิริลัดดา นาถะเดชะ,201-5-72969-0
205,206,A-006,27/08/2026,นิชนันท์ ดีตพันธุ์,176-9-51347-0
206,207,A-007,27/08/2026,สุรนัย ตัณฑนุช,472-1-13763-0
207,208,A-008,27/08/2026,กะดิรัตน์ นุชแนวนุ่ม,702-9-65650-0
208,209,A-009,27/08/2026,พรเบญญา นิยมเซียม,838-5-70074-0
209,210,A-010,27/08/2026,สมเกียรติ ธีวร,325-1-11828-0
210,211,A-011,27/08/2026,จิตรลดา บุญญาไลย์,883-2-78721-0
211,212,A-012,27/08/2026,คำ เช้าวันดี,602-9-58677-0
212,213,A-013,27/08/2026,เทพนารี ซาซุม,800-5-86187-0
213,214,A-014,27/08/2026,พาสุข ศาสตร์ศิลป์,691-7-86309-0
214,215,A-015,27/08/2026,อาภัศรา อุลหัสสา,923-8-89684-0
215,216,A-016,27/08/2026,อุดมลักษณ์ ปานสุวรรณ,269-5-98556-0
216,217,A-017,27/08/2026,อชิตะวีร์ ร่มธิติรัตน์,361-5-11922-0
217,218,A-018,27/08/2026,อุลัยพร ร่มธิติรัตน์,314-8-53986-0
218,219,A-019,27/08/2026,อรพิณ พีระเพ็ญกุล,992-1-43528-0
219,220,A-020,27/08/2026,สัญชาน เดชคุ้ม,999-1-37336-0
220,221,A-021,27/08/2026,หลักทรัพย์ ดาบเงิน,899-5-63695-0
221,222,A-022,27/08/2026,อาภัศรา ตั้งรบ,873-9-85240-0
222,223,A-023,27/08/2026,สุไฮลัน นาคะนคร,930-2-36081-0
223,224,A-024,27/08/2026,สุพัตร ดัตพันธุ์,830-7-59723-0
224,225,A-025,27/08/2026,ภูวิช เตมิยะเดช,821-5-68231-0
225,226,A-026,27/08/2026,พิมพ์สุตา นวลฉวี,450-9-74185-0
226,227,A-027,27/08/2026,อาภัศรา ตรีเภรินทร์,778-5-66299-0
227,228,A-028,27/08/2026,ฐิติกุล ขำเอนก,325-5-67248-0
228,229,A-029,27/08/2026,เทพนารี อุลหัสสา,266-3-48280-0
229,230,A-030,27/08/2026,วณัฐดา ถนอมกุลบุตร,972-1-18672-0
230,231,A-031,27/08/2026,นาทภูวพัฒน์ ถนัดการยนต์,726-1-83273-0
231,232,A-032,27/08/2026,จิตตานันท์ ตะละภัฏ,357-4-33943-0
232,233,A-033,27/08/2026,ราชพฤกษ์ นากกนก,439-6-63314-0
233,234,A-034,27/08/2026,ลัดดา นุชแนวนุ่ม,323-4-33138-0
234,235,A-035,27/08/2026,มัตติกา เลิศกิ่ง,952-8-29668-0
235,236,A-036,27/08/2026,จินต์จุฑา แถมธน,553-4-39859-0
236,237,A-037,27/08/2026,สุทธิพจน์ เลขะพันธุ์,189-4-47501-0
237,238,A-038,27/08/2026,ภัคชัญญา ตั้งเผ่า,433-6-56823-0
238,239,A-039,27/08/2026,ประยุทธ์ ถนัดการยนต์,536-4-74139-0
239,240,A-040,27/08/2026,สุธาวี เพียยา,547-5-79765-0
240,241,A-001,28/08/2026,ทวีวัฒน์ นะวะมันดร,460-6-61911-0
241,242,A-002,28/08/2026,จินต์จุฑา ถนัดภาษา,680-3-81896-0
242,243,A-003,28/08/2026,เฉลิมพล ธัญเสถียร,181-5-40858-0
243,244,A-004,28/08/2026,ซูไรดา เพียยา,538-3-82085-0
244,245,A-005,28/08/2026,หรรษธร ธัญเสถียร,170-3-72859-0
245,246,A-006,28/08/2026,เพ็ญพรรษา เธียรายัน,474-9-56570-0
246,247,A-007,28/08/2026,กรพนธ์ ดาตู,377-4-18176-0
247,248,A-008,28/08/2026,พรเบญญา แท่นทอง,150-4-48080-0
248,249,A-009,28/08/2026,รชตกร นพคเชนทร์,372-3-31282-0
249,250,A-010,28/08/2026,วิกิจ พงศ์ฉบับนภา,652-9-66639-0
250,251,A-011,28/08/2026,ถนอมชัย นิยมสำหรวจ,175-5-36898-0
251,252,A-012,28/08/2026,สนั่น ตั้งกุลงาม,471-3-16460-0
252,253,A-013,28/08/2026,ภูวิช นิติสาขา,189-8-94387-0
253,254,A-014,28/08/2026,สุรนีย์ ไทยแท้,786-1-38517-0
254,255,A-015,28/08/2026,อเนชา บุณยะภาชน์,457-3-73988-0
255,256,A-016,28/08/2026,ปิยนาฎ เดชวา,419-6-85089-0
256,257,A-017,28/08/2026,ทินพร นิลเสนา,774-6-12496-0
257,258,A-018,28/08/2026,วีระวัฒน์ ธูปะวิโรจน์,599-7-11570-0
258,259,A-019,28/08/2026,บุญพา ทหารแท้,727-4-46479-0
259,260,A-020,28/08/2026,อุดมลักษณ์ ทองปากน้ำ,362-3-52292-0
260,261,A-021,28/08/2026,ศจีกาญจน์ นามเสวตร,994-4-61883-0
261,262,A-022,28/08/2026,กองสิน บุณยะภาชน์,180-2-15049-0
262,263,A-023,28/08/2026,นพรัตน์ อัตตนาถ,676-8-62123-0
263,264,A-024,28/08/2026,ธมลพรรณ ขำเอนก,707-6-16761-0
264,265,A-025,28/08/2026,พรพิไล นำธวัช,971-2-67915-0
265,266,A-026,28/08/2026,ธัญญกัญญา ผลบุญ,680-6-32731-0
266,267,A-027,28/08/2026,มณียา ถนอมมนุษย์,770-3-76786-0
267,268,A-028,28/08/2026,ฟิรยา ฉัพพรรณธนกูร,437-3-33655-0
268,269,A-029,28/08/2026,วิพุธ ศาสตร์ศิลป์,665-5-32253-0
269,270,A-030,28/08/2026,มาสิตะ แนวพญา,798-1-54625-0
270,271,A-031,28/08/2026,ศิริญา นุตตาร,732-8-68904-0
271,272,A-032,28/08/2026,ธีร์ธวันาย ไทยแท้,199-9-60798-0
272,273,A-033,28/08/2026,ฮานาฟี เดชวา,707-1-86959-0
273,274,A-034,28/08/2026,เกษรา งามพิเชษฐ์,894-3-88366-0
274,275,A-035,28/08/2026,เกษรา ซาซุม,787-2-82100-0
275,276,A-036,28/08/2026,เจษฏาภรณ์ ถุงเงิน,155-8-46464-0
276,277,A-037,28/08/2026,นาตยา ทีฆะ,537-8-76260-0
277,278,A-038,28/08/2026,นภนต์ ธัญาโภชน์,330-4-69505-0
278,279,A-039,28/08/2026,ประภัทร์สรณ์ เช้าวันดี,483-9-52158-0
279,280,A-040,28/08/2026,ธัญญามาศ นุ่มกัน,858-5-94352-0
280,281,A-001,29/08/2026,ดวงจันทร์ ถนัดรักษา,284-8-30097-0
281,282,A-002,29/08/2026,จณิสตา ตั้งเผ่า,943-8-98716-0
282,283,A-003,29/08/2026,สราญจิตต์ ถะเกิงชศ,431-8-61660-0
283,284,A-004,29/08/2026,เจษฏาภรณ์ ฉายแสง,152-6-91219-0
284,285,A-005,29/08/2026,อัษฏา ธาราธร,776-7-37408-0
285,286,A-006,29/08/2026,นันทวุฒิ ถนัดรบ,892-3-11098-0
286,287,A-007,29/08/2026,วีรชัย นาถะพินธุ,942-6-60422-0
287,288,A-008,29/08/2026,สมหมาย นวลฉวี,459-2-63456-0
288,289,A-009,29/08/2026,นาทภูวพัฒน์ ธรรมทินนา,247-7-67279-0
289,290,A-010,29/08/2026,ศศินา นาถะพินธุ,383-4-35420-0
290,291,A-011,29/08/2026,พรชีวิน ตัณสถิตย์,698-9-27024-0
291,292,A-012,29/08/2026,อาแอเสาะ นาถะพินธุ,424-3-12717-0
292,293,A-013,29/08/2026,วรรณนิสา นิลสลัว,767-2-27507-0
293,294,A-014,29/08/2026,วันชนก ศรีวงค์,858-6-18500-0
294,295,A-015,29/08/2026,เรืองเกียรติ สันตะวงศ์,311-1-49849-0
295,296,A-016,29/08/2026,อณัฐตา บุนยะศัพท์,932-2-62465-0
296,297,A-017,29/08/2026,มนัญชยา ถนอมพล,767-8-97432-0
297,298,A-018,29/08/2026,ฉลองชัย น้ำทิพย์,476-9-36993-0
298,299,A-019,29/08/2026,ศศิรินทร์ อุลหัสสา,503-8-90825-0
299,300,A-020,29/08/2026,ฐิติณัฐฐา ศาสตร์ศิลป์,540-5-64453-0
