,txn_id,queue_number,date,customer_name,account_number,transaction_type,amount,balance_after,status,target_account
0,1,A-001,22/08/2026,ชิดชนก เยาวธนโชค,607-8-71898-0,ฝากเงิน,355.29,1591.73,สำเร็จ,-
1,2,A-002,22/08/2026,พุทธิพงษ์ ดัตพันธุ์,880-1-68377-0,ถอนเงิน,1026.93,333.01,ไม่สำเร็จ (ยอดเงินไม่พอ),-
2,3,A-003,22/08/2026,เพ็ญยุภา แท่นทอง,131-1-13335-0,ฝากเงิน,534.65,3297.52,สำเร็จ,-
3,4,A-004,22/08/2026,นวรรษนันท์ ทวีเดช,640-4-67394-0,ถอนเงิน,511.54,1718.83,สำเร็จ,-
4,5,A-005,22/08/2026,ฌาฆีภัตฐ์ ธรรมนิยม,570-5-12816-0,โอนเงิน,756.83,745.49,ไม่สำเร็จ (ยอดเงินไม่พอ),987-6-64549-0
5,6,A-006,22/08/2026,สิราพร ยะผา,440-9-65326-0,ถอนเงิน,1985.83,457.34,ไม่สำเร็จ (ยอดเงินไม่พอ),-
6,7,A-007,22/08/2026,เสรี นาถะเดชะ,617-7-87201-0,ถอนเงิน,1216.4,1357.63,สำเร็จ,-
7,8,A-008,22/08/2026,ปัณณธร ทุมะบุตร์,277-6-81932-0,ถอนเงิน,1513.09,1321.03,ไม่สำเร็จ (ยอดเงินไม่พอ),-
8,9,A-009,22/08/2026,พรพิไล พีระเพ็ญกุล,633-7-58565-0,ฝากเงิน,1361.14,3774.4,สำเร็จ,-
9,10,A-010,22/08/2026,ณัฐธภรณ์ หนักแน่น,729-7-94824-0,ถอนเงิน,991.71,1165.32,สำเร็จ,-
10,11,A-011,22/08/2026,สุกฤษตา ถนิมมาศ,652-9-40431-0,ฝากเงิน,531.18,2908.69,สำเร็จ,-
11,12,A-012,22/08/2026,เกษตร ขุนดำ,375-9-89815-0,โอนเงิน,1909.69,1141.37,ไม่สำเร็จ (ยอดเงินไม่พอ),987-6-10748-0
12,13,A-013,22/08/2026,อรจิรา เวียงจันทึก,310-7-17356-0,โอนเงิน,1637.37,727.84,ไม่สำเร็จ (ยอดเงินไม่พอ),987-6-73058-0
13,14,A-014,22/08/2026,ประจิน ตัณฑนุช,932-6-64319-0,โอนเงิน,479.69,831.46,สำเร็จ,987-6-55361-0
14,15,A-015,22/08/2026,พรสวรรค์ เขียวขุ้ย,714-1-40094-0,โอนเงิน,1284.63,1076.2,ไม่สำเร็จ (ยอดเงินไม่พอ),987-6-93279-0
15,16,A-016,22/08/2026,ฟารินี ทำประดู่,916-5-14254-0,ฝากเงิน,443.49,2901.84,สำเร็จ,-
16,17,A-017,22/08/2026,จุฑาภรณ์ ตันยา,387-4-45211-0,ฝากเงิน,131.71,2455.01,สำเร็จ,-
17,18,A-018,22/08/2026,ผดุงพล นิษประปัญจ์,361-9-32039-0,ฝากเงิน,754.4,1360.16,สำเร็จ,-
18,19,A-019,22/08/2026,เพ็ญยุภา ไทนิยม,585-2-13097-0,โอนเงิน,659.54,379.88,ไม่สำเร็จ (ยอดเงินไม่พอ),987-6-50895-0
19,20,A-020,22/08/2026,โสภา ขำเอนก,847-9-37405-0,ถอนเงิน,1612.79,421.64,ไม่สำเร็จ (ยอดเงินไม่พอ),-
20,21,A-021,22/08/2026,วนาลี ศิวะวรเวท,264-8-76362-0,ฝากเงิน,133.94,341.44,สำเร็จ,-
21,22,A-022,22/08/2026,เนติลักษณ์ นำธวัช,628-8-39254-0,โอนเงิน,519.14,1922.93,สำเร็จ,987-6-78668-0
22,23,A-023,22/08/2026,ทองรัตน์ บุณยะภาชน์,536-1-49138-0,ถอนเงิน,1194.11,831.67,ไม่สำเร็จ (ยอดเงินไม่พอ),-
23,24,A-024,22/08/2026,สิริกานต์ บินดี,417-5-30736-0,ฝากเงิน,190.14,2821.53,สำเร็จ,-
24,25,A-025,22/08/2026,กุลภาวลัย ไม้แดง,138-4-84747-0,โอนเงิน,347.74,2335.05,สำเร็จ,987-6-70404-0
25,26,A-026,22/08/2026,ยูซุฟ ถนัดการยนต์,201-4-85154-0,ถอนเงิน,1066.86,691.4,ไม่สำเร็จ (ยอดเงินไม่พอ),-
26,27,A-027,22/08/2026,วรรณรัตน์ ไสยกิจ,616-8-12254-0,โอนเงิน,1035.47,198.65,ไม่สำเร็จ (ยอดเงินไม่พอ),987-6-52643-0
27,28,A-028,22/08/2026,ณัฐติญา ราชมณี,676-3-54445-0,ถอนเงิน,398.23,2084.88,สำเร็จ,-
28,29,A-029,22/08/2026,เอกอธิพงษ์ เตชะกำพุ,452-9-73504-0,ถอนเงิน,1381.46,1443.21,สำเร็จ,-
29,30,A-030,22/08/2026,สุชิน นิลสุวรรณ์,651-4-45128-0,ฝากเงิน,176.76,780.4,สำเร็จ,-
30,31,A-031,22/08/2026,ศดิศ นรวิทย์โชติกุล,216-5-40826-0,ถอนเงิน,1698.15,1098.91,ไม่สำเร็จ (ยอดเงินไม่พอ),-
31,32,A-032,22/08/2026,โชคภาดล ทำประดู่,516-2-59837-0,ฝากเงิน,1147.22,2209.99,สำเร็จ,-
32,33,A-033,22/08/2026,ภารวี ดุษฎีวนิช,487-2-84813-0,โอนเงิน,317.91,2080.35,สำเร็จ,987-6-82125-0
33,34,A-034,22/08/2026,ศรลักษณ์ ธรรมเมธา,677-9-24983-0,ถอนเงิน,1909.27,785.57,ไม่สำเร็จ (ยอดเงินไม่พอ),-
34,35,A-035,22/08/2026,อาฮามัด งามพิเชษฐ์,786-1-22017-0,ถอนเงิน,1595.33,137.95,ไม่สำเร็จ (ยอดเงินไม่พอ),-
35,36,A-036,22/08/2026,ปิยนุช ร่มธิติรัตน์,904-7-31236-0,ฝากเงิน,1781.61,2462.98,สำเร็จ,-
36,37,A-037,22/08/2026,นรีกานต์ เดชวา,205-7-59581-0,ฝากเงิน,1393.69,3706.08,สำเร็จ,-
37,38,A-038,22/08/2026,กิติยาธรณ์ ตันเผ่า,767-6-15193-0,ถอนเงิน,1452.06,396.23,ไม่สำเร็จ (ยอดเงินไม่พอ),-
38,39,A-039,22/08/2026,ภัคศุภางค์ ตะละภัฏ,427-8-61284-0,ถอนเงิน,1966.91,243.49,ไม่สำเร็จ (ยอดเงินไม่พอ),-
39,40,A-040,22/08/2026,สิทธิชัย ธีวร,566-2-42776-0,ถอนเงิน,221.96,2730.86,สำเร็จ,-
40,41,A-001,23/08/2026,อัญธิกา เยาวธนโชค,580-6-43958-0,โอนเงิน,1961.91,663.98,ไม่สำเร็จ (ยอดเงินไม่พอ),987-6-34015-0
41,42,A-002,23/08/2026,อมัด ศรีอุ่น,191-8-21860-0,ฝากเงิน,568.12,3091.74,สำเร็จ,-
42,43,A-003,23/08/2026,นารดา นรวิทย์โชติกุล,424-5-42223-0,ฝากเงิน,1936.54,3030.32,สำเร็จ,-
43,44,A-004,23/08/2026,สมเกียรติ พงศ์ฉบับนภา,325-1-41950-0,โอนเงิน,1261.64,372.43,ไม่สำเร็จ (ยอดเงินไม่พอ),987-6-62661-0
44,45,A-005,23/08/2026,เขมจิรา ผลบุญ,750-1-48118-0,โอนเงิน,1748.36,322.65,ไม่สำเร็จ (ยอดเงินไม่พอ),987-6-57079-0
45,46,A-006,23/08/2026,สุรนัย หอมพิกุล,914-6-20106-0,ฝากเงิน,1732.32,3335.77,สำเร็จ,-
46,47,A-007,23/08/2026,เอนกพงศ์ วาทา,427-5-24008-0,ฝากเงิน,384.17,2909.67,สำเร็จ,-
47,48,A-008,23/08/2026,ชิดชนก นฤทุกข์,132-6-91727-0,โอนเงิน,492.81,2281.3,สำเร็จ,987-6-98106-0
48,49,A-009,23/08/2026,อรพิณ ธัญาโภชน์,982-4-43107-0,ฝากเงิน,922.01,1180.27,สำเร็จ,-
49,50,A-010,23/08/2026,ฮานาฟี ภูภักดี,549-9-69416-0,โอนเงิน,1635.68,838.02,ไม่สำเร็จ (ยอดเงินไม่พอ),987-6-11424-0
50,51,A-011,23/08/2026,สุชิน ถาวรายุศม์,526-1-18168-0,ฝากเงิน,590.14,3034.88,สำเร็จ,-
51,52,A-012,23/08/2026,จันทภา นพคเชนทร์,948-5-62140-0,ฝากเงิน,1227.74,2110.36,สำเร็จ,-
52,53,A-013,23/08/2026,อภิลักษณ์ นาคะนคร,641-6-75653-0,ถอนเงิน,269.57,123.51,ไม่สำเร็จ (ยอดเงินไม่พอ),-
53,54,A-014,23/08/2026,ยนงคราญ ตันเผ่า,803-8-39499-0,ฝากเงิน,1489.7,2534.82,สำเร็จ,-
54,55,A-015,23/08/2026,จิฬาภรณ์ นากกนก,381-4-16317-0,โอนเงิน,1261.44,1522.41,สำเร็จ,987-6-19378-0
55,56,A-016,23/08/2026,ศจีกาญจน์ เช้าวันดี,809-5-82393-0,ฝากเงิน,1555.45,2598.08,สำเร็จ,-
56,57,A-017,23/08/2026,โกวิทย์ ยาปะโลหิต,976-2-89443-0,ถอนเงิน,1432.42,397.74,ไม่สำเร็จ (ยอดเงินไม่พอ),-
57,58,A-018,23/08/2026,ชัชเวศย์ วาทา,836-1-74884-0,ฝากเงิน,576.13,3458.15,สำเร็จ,-
58,59,A-019,23/08/2026,อนิวัฒน์ ขอหมั่นกลาง,657-1-78704-0,โอนเงิน,761.16,1817.55,สำเร็จ,987-6-21849-0
59,60,A-020,23/08/2026,พีรพัฒน์ ถนอมพล,242-2-68334-0,ฝากเงิน,608.3,3543.03,สำเร็จ,-
60,61,A-021,23/08/2026,มาสิตะ นามเสวตร,433-8-26558-0,ถอนเงิน,1816.51,586.46,ไม่สำเร็จ (ยอดเงินไม่พอ),-
61,62,A-022,23/08/2026,วิถี ถนัดพิมพการ,220-5-46395-0,โอนเงิน,919.39,369.93,ไม่สำเร็จ (ยอดเงินไม่พอ),987-6-42534-0
62,63,A-023,23/08/2026,นัฐพล ดุริยพันธุ์,692-1-14038-0,ฝากเงิน,107.62,1765.97,สำเร็จ,-
63,64,A-024,23/08/2026,จณิสตา หอมพิกุล,379-5-86773-0,ฝากเงิน,428.42,2132.72,สำเร็จ,-
64,65,A-025,23/08/2026,นาตยา ถนอมมนุษย์,602-7-25964-0,ฝากเงิน,1603.07,3333.93,สำเร็จ,-
65,66,A-026,23/08/2026,อนุบาล เนื้อนุ่ม,926-1-25475-0,ถอนเงิน,828.19,1646.78,สำเร็จ,-
66,67,A-027,23/08/2026,กันตวรรณ ธนรักษ์,239-2-75584-0,โอนเงิน,1933.4,1004.66,ไม่สำเร็จ (ยอดเงินไม่พอ),987-6-58985-0
67,68,A-028,23/08/2026,เกษมชัย ถนัดอักษร,226-8-68923-0,โอนเงิน,1386.8,1054.27,ไม่สำเร็จ (ยอดเงินไม่พอ),987-6-55903-0
68,69,A-029,23/08/2026,วิชา ทองสุกเลิศ,604-2-94891-0,โอนเงิน,744.79,1357.17,สำเร็จ,987-6-59487-0
69,70,A-030,23/08/2026,ไพสิฐ เณรานุสนธิ์,839-9-36067-0,ถอนเงิน,107.36,1863.23,สำเร็จ,-
70,71,A-031,23/08/2026,สิริ บุญญาไลย์,412-3-68902-0,โอนเงิน,1082.13,1099.29,สำเร็จ,987-6-91269-0
71,72,A-032,23/08/2026,อำพร นาถะเดชะ,514-6-91477-0,ถอนเงิน,106.69,1698.51,สำเร็จ,-
72,73,A-033,23/08/2026,รอกีเย๊าะ อุลหัสสา,121-7-92478-0,โอนเงิน,570.5,378.67,ไม่สำเร็จ (ยอดเงินไม่พอ),987-6-30458-0
73,74,A-034,23/08/2026,ปุณณรัตน์ ขันธุลา,719-1-55803-0,ฝากเงิน,438.49,2946.47,สำเร็จ,-
74,75,A-035,23/08/2026,ธวัศชา คณานุรักษ์,573-5-73510-0,โอนเงิน,1760.49,995.35,ไม่สำเร็จ (ยอดเงินไม่พอ),987-6-32232-0
75,76,A-036,23/08/2026,อณาวิน แน่นดุจป้อม,532-2-56553-0,ฝากเงิน,614.56,2917.44,สำเร็จ,-
76,77,A-037,23/08/2026,จิตรลดา ยะผา,265-2-62680-0,โอนเงิน,137.51,2052.53,สำเร็จ,987-6-93358-0
77,78,A-038,23/08/2026,ฮามีย๊ะ นำธวัช,441-5-18985-0,ฝากเงิน,496.89,1304.14,สำเร็จ,-
78,79,A-039,23/08/2026,ปิยะนันท์ ธูปะวิโรจน์,623-9-16519-0,โอนเงิน,1829.65,1185.32,ไม่สำเร็จ (ยอดเงินไม่พอ),987-6-32092-0
79,80,A-040,23/08/2026,สรายุทธ นิละทัต,724-4-61453-0,โอนเงิน,1455.53,895.54,ไม่สำเร็จ (ยอดเงินไม่พอ),987-6-83537-0
80,81,A-001,24/08/2026,นารดา นำธวัช,327-5-89947-0,โอนเงิน,1600.56,1071.81,ไม่สำเร็จ (ยอดเงินไม่พอ),987-6-42011-0
81,82,A-002,24/08/2026,จิรวิทย์ บุญศล,354-5-34890-0,ถอนเงิน,701.41,2136.22,สำเร็จ,-
82,83,A-003,24/08/2026,เทพณรงค์ อัตตนาถ,845-3-89463-0,โอนเงิน,414.7,986.25,สำเร็จ,987-6-44338-0
83,84,A-004,24/08/2026,ศิรินันท์ จ้อยนุแสง,551-6-50601-0,ฝากเงิน,363.38,3101.43,สำเร็จ,-
84,85,A-005,24/08/2026,ใจกลาง เลขะพันธุ์,169-2-39834-0,โอนเงิน,1464.5,620.73,ไม่สำเร็จ (ยอดเงินไม่พอ),987-6-62036-0
85,86,A-006,24/08/2026,รัฐพงษ์ ศิวะวรเวท,928-1-38384-0,ฝากเงิน,289.95,528.2,สำเร็จ,-
86,87,A-007,24/08/2026,พิมพ์ประภา ดุริยพันธุ์,727-8-54884-0,โอนเงิน,1104.22,1818.61,สำเร็จ,987-6-96890-0
87,88,A-008,24/08/2026,ชัญญานุนาย แต้กุล,338-8-68958-0,ฝากเงิน,1416.01,2192.4,สำเร็จ,-
88,89,A-009,24/08/2026,กวีฉัฏฐ นวลฉวี,693-7-37775-0,ถอนเงิน,547.9,906.97,สำเร็จ,-
89,90,A-010,24/08/2026,ณัฐธภรณ์ มนทอง,318-2-16057-0,โอนเงิน,727.22,428.07,ไม่สำเร็จ (ยอดเงินไม่พอ),987-6-12020-0
90,91,A-011,24/08/2026,อารีย์ ศรีวงค์,300-7-30980-0,โอนเงิน,1788.78,946.91,ไม่สำเร็จ (ยอดเงินไม่พอ),987-6-94678-0
91,92,A-012,24/08/2026,นัสรุน เมืองสุข,678-7-43314-0,โอนเงิน,835.82,850.21,สำเร็จ,987-6-27036-0
92,93,A-013,24/08/2026,ศุภชัย ตะละภัฏ,162-9-26898-0,ฝากเงิน,1695.96,1927.3,สำเร็จ,-
93,94,A-014,24/08/2026,ฐิติวุฒิ ตั้งกุลงาม,611-3-46604-0,ฝากเงิน,323.13,989.07,สำเร็จ,-
94,95,A-015,24/08/2026,ณัฐธภรณ์ ตวงทอง,366-4-42168-0,โอนเงิน,840.43,37.24,ไม่สำเร็จ (ยอดเงินไม่พอ),987-6-17888-0
95,96,A-016,24/08/2026,ณัฐศักดิ์ ไสยกิจ,162-6-81686-0,โอนเงิน,1250.17,711.66,ไม่สำเร็จ (ยอดเงินไม่พอ),987-6-64086-0
96,97,A-017,24/08/2026,ยศพนต์ ธัญาโภชน์,373-2-42975-0,โอนเงิน,1119.17,307.79,ไม่สำเร็จ (ยอดเงินไม่พอ),987-6-33275-0
97,98,A-018,24/08/2026,กุลเชษฐ ถมังรักษสัตว์,154-2-77218-0,ถอนเงิน,1845.43,736.74,ไม่สำเร็จ (ยอดเงินไม่พอ),-
98,99,A-019,24/08/2026,สิริ ถนัดการยนต์,644-1-68110-0,ถอนเงิน,288.64,219.59,ไม่สำเร็จ (ยอดเงินไม่พอ),-
99,100,A-020,24/08/2026,ธีรวุฒิ ตะละภัฏ,637-5-21845-0,ถอนเงิน,1444.53,173.97,ไม่สำเร็จ (ยอดเงินไม่พอ),-
100,101,A-021,24/08/2026,โยธิการ์ นวลเพ็ง,367-6-27040-0,ถอนเงิน,673.5,272.7,ไม่สำเร็จ (ยอดเงินไม่พอ),-
101,102,A-022,24/08/2026,วิกิจ ทันยุค,535-4-75895-0,โอนเงิน,322.56,668.17,สำเร็จ,987-6-83030-0
102,103,A-023,24/08/2026,ภานุวัตร นิละทัต,698-8-23721-0,ถอนเงิน,743.46,2161.75,สำเร็จ,-
103,104,A-024,24/08/2026,วนาลี ทวีเดช,954-9-80204-0,โอนเงิน,952.36,1252.36,สำเร็จ,987-6-13967-0
104,105,A-025,24/08/2026,สุภาพร เวียงจันทึก,199-7-55269-0,ถอนเงิน,479.95,1148.15,สำเร็จ,-
105,106,A-026,24/08/2026,ภัคชัญญา นกทอง,527-5-51785-0,โอนเงิน,182.79,1486.86,สำเร็จ,987-6-56218-0
106,107,A-027,24/08/2026,เจตพินิษฐ์ บุญญาภิรมย์,224-3-51564-0,โอนเงิน,1522.18,126.84,ไม่สำเร็จ (ยอดเงินไม่พอ),987-6-52673-0
107,108,A-028,24/08/2026,เชิงชาย ดาวกระจาย,472-7-20245-0,ถอนเงิน,958.45,540.66,ไม่สำเร็จ (ยอดเงินไม่พอ),-
108,109,A-029,24/08/2026,นัฐพล ศาสตร์ศิลป์,357-4-85207-0,โอนเงิน,1095.05,1501.12,สำเร็จ,987-6-54387-0
109,110,A-030,24/08/2026,ภาสวุฒิ บุนยะศัพท์,448-9-76524-0,ถอนเงิน,864.89,984.62,สำเร็จ,-
110,111,A-031,24/08/2026,ณิชนันท์ ธัญาโภชน์,215-3-63884-0,ฝากเงิน,575.24,2341.9,สำเร็จ,-
111,112,A-032,24/08/2026,ศภัคชคง ถาวรรัตน,367-2-92855-0,โอนเงิน,1394.5,416.27,ไม่สำเร็จ (ยอดเงินไม่พอ),987-6-84870-0
112,113,A-033,24/08/2026,เถลิงยศ ถนัดพิมพการ,623-7-12863-0,โอนเงิน,1716.19,826.99,ไม่สำเร็จ (ยอดเงินไม่พอ),987-6-87379-0
113,114,A-034,24/08/2026,ศศิยา หนักแน่น,712-8-40830-0,ฝากเงิน,1634.16,4383.66,สำเร็จ,-
114,115,A-035,24/08/2026,ธนภณ นับเนื่องนอ,843-2-43627-0,ฝากเงิน,797.6,3260.45,สำเร็จ,-
115,116,A-036,24/08/2026,เลิศเดช คำลือ,598-2-62919-0,ถอนเงิน,1518.89,73.62,ไม่สำเร็จ (ยอดเงินไม่พอ),-
116,117,A-037,24/08/2026,ฉลองชัย ทวีเดช,406-1-80880-0,ถอนเงิน,1717.17,120.34,ไม่สำเร็จ (ยอดเงินไม่พอ),-
117,118,A-038,24/08/2026,โรสชา ดาบเงิน,895-9-94547-0,โอนเงิน,1785.66,1030.33,ไม่สำเร็จ (ยอดเงินไม่พอ),987-6-84969-0
118,119,A-039,24/08/2026,เถลิงยศ นานายน,745-5-69312-0,โอนเงิน,1129.88,156.5,ไม่สำเร็จ (ยอดเงินไม่พอ),987-6-49571-0
119,120,A-040,24/08/2026,เฉลิมรัฐ นักรบ,266-5-93448-0,โอนเงิน,1213.91,1143.27,ไม่สำเร็จ (ยอดเงินไม่พอ),987-6-11259-0
120,121,A-001,25/08/2026,ชัญญานุนาย ฉิมพาลี,388-1-21858-0,ถอนเงิน,1175.23,147.47,ไม่สำเร็จ (ยอดเงินไม่พอ),-
121,122,A-002,25/08/2026,ไวพจน์ ศรีธนะเวทย์,481-8-54111-0,ถอนเงิน,610.86,1824.23,สำเร็จ,-
122,123,A-003,25/08/2026,ชลิดา นกทอง,251-1-32554-0,ถอนเงิน,321.37,201.22,ไม่สำเร็จ (ยอดเงินไม่พอ),-
123,124,A-004,25/08/2026,อภิลักษณ์ ศรีเผด็จ,522-5-77343-0,ถอนเงิน,341.53,2550.09,สำเร็จ,-
124,125,A-005,25/08/2026,ดิลก พรมอ่อน,597-4-74405-0,ถอนเงิน,1413.51,1090.23,ไม่สำเร็จ (ยอดเงินไม่พอ),-
125,126,A-006,25/08/2026,รูไกยะฮ์ ถนัดภาษา,253-4-13425-0,ฝากเงิน,273.62,985.99,สำเร็จ,-
126,127,A-007,25/08/2026,ทองสิริ นิลเสนา,840-3-10392-0,ฝากเงิน,1011.6,2303.12,สำเร็จ,-
127,128,A-008,25/08/2026,ไชยภพ ทองสินธุ์,647-7-55442-0,ฝากเงิน,1914.15,3662.1,สำเร็จ,-
128,129,A-009,25/08/2026,ราณี ศรทอง,954-2-44777-0,โอนเงิน,296.02,1799.88,สำเร็จ,987-6-99725-0
129,130,A-010,25/08/2026,บุญเกิด ติระคมน์,905-4-98710-0,โอนเงิน,1629.73,972.4,ไม่สำเร็จ (ยอดเงินไม่พอ),987-6-94445-0
130,131,A-011,25/08/2026,นนทกาญจน์ ด้วงโสน,609-7-25224-0,ถอนเงิน,1370.53,717.76,ไม่สำเร็จ (ยอดเงินไม่พอ),-
131,132,A-012,25/08/2026,นัฐพล นุชแนวนุ่ม,633-5-64605-0,โอนเงิน,834.09,693.73,ไม่สำเร็จ (ยอดเงินไม่พอ),987-6-80348-0
132,133,A-013,25/08/2026,ธีราทัต บุณยะภาชน์,907-6-73697-0,โอนเงิน,1800.51,961.52,ไม่สำเร็จ (ยอดเงินไม่พอ),987-6-23481-0
133,134,A-014,25/08/2026,โสภณ ศาสตร์ศิลป์,653-8-49303-0,โอนเงิน,759.07,118.53,ไม่สำเร็จ (ยอดเงินไม่พอ),987-6-23206-0
134,135,A-015,25/08/2026,ยุภา อุ่นอก,233-5-35599-0,ฝากเงิน,613.64,1936.01,สำเร็จ,-
135,136,A-016,25/08/2026,จิฬาภรณ์ แต้กุล,723-9-29510-0,ฝากเงิน,1237.14,2925.43,สำเร็จ,-
136,137,A-017,25/08/2026,ราชัน ซาซุม,319-8-58193-0,ถอนเงิน,1012.28,887.59,ไม่สำเร็จ (ยอดเงินไม่พอ),-
137,138,A-018,25/08/2026,นวรรษนันท์ ถนิมมาศ,694-8-80092-0,ฝากเงิน,434.7,2718.58,สำเร็จ,-
138,139,A-019,25/08/2026,เกียรติก้อง แก้วอยู่,879-4-51335-0,โอนเงิน,719.41,499.08,ไม่สำเร็จ (ยอดเงินไม่พอ),987-6-91598-0
139,140,A-020,25/08/2026,พรสวรรค์ นาคสุทิน,330-2-93265-0,ฝากเงิน,324.97,2486.93,สำเร็จ,-
140,141,A-021,25/08/2026,อธิวัตร ทองแท้,615-5-65347-0,ฝากเงิน,1401.06,3181.54,สำเร็จ,-
141,142,A-022,25/08/2026,สันชัย แจ้งสว่าง,325-2-39427-0,ถอนเงิน,138.1,2381.49,สำเร็จ,-
142,143,A-023,25/08/2026,สุภัทริดา ถนิมมาศ,836-9-59712-0,ถอนเงิน,1971.48,893.52,ไม่สำเร็จ (ยอดเงินไม่พอ),-
143,144,A-024,25/08/2026,ถนอมชัย แต้กุล,888-3-99286-0,ฝากเงิน,759.34,1610.52,สำเร็จ,-
144,145,A-025,25/08/2026,มนรัตน์ นามขำ,354-5-79419-0,ฝากเงิน,274.46,1263.09,สำเร็จ,-
145,146,A-026,25/08/2026,นาวีตา แถมธน,837-4-22302-0,ถอนเงิน,248.8,944.12,สำเร็จ,-
146,147,A-027,25/08/2026,นิรันดร์ นพคเชนทร์,214-6-94042-0,ถอนเงิน,1078.95,1829.04,สำเร็จ,-
147,148,A-028,25/08/2026,รภัสพงษ์ ตวันเยี่ยม,690-9-72335-0,ถอนเงิน,1753.73,369.57,ไม่สำเร็จ (ยอดเงินไม่พอ),-
148,149,A-029,25/08/2026,วีระวัฒน์ ฉิมพาลี,662-3-17069-0,ฝากเงิน,848.16,2824.83,สำเร็จ,-
149,150,A-030,25/08/2026,โชติวุฒิ บุตราช,120-5-80625-0,ถอนเงิน,508.54,393.3,ไม่สำเร็จ (ยอดเงินไม่พอ),-
150,151,A-031,25/08/2026,ไชยภพ นิระหานี,862-6-19053-0,ถอนเงิน,999.14,1173.94,สำเร็จ,-
151,152,A-032,25/08/2026,อรพิณ ตันเผ่า,694-1-91139-0,โอนเงิน,1703.25,1594.9,ไม่สำเร็จ (ยอดเงินไม่พอ),987-6-50386-0
152,153,A-033,25/08/2026,อำพร ถนัดหัตถกรรม,946-4-73448-0,โอนเงิน,395.97,117.35,ไม่สำเร็จ (ยอดเงินไม่พอ),987-6-53970-0
153,154,A-034,25/08/2026,วรศาสส์ ตรีครุธพันธุ์,515-2-88774-0,ถอนเงิน,395.65,2152.24,สำเร็จ,-
154,155,A-035,25/08/2026,มัตติกา เยาวธนโชค,108-9-11271-0,โอนเงิน,1367.07,490.86,ไม่สำเร็จ (ยอดเงินไม่พอ),987-6-94270-0
155,156,A-036,25/08/2026,พิชาภพ ถะเกิงชศ,897-7-88454-0,ฝากเงิน,1167.64,2639.27,สำเร็จ,-
156,157,A-037,25/08/2026,จิตรลดา นาถะพินธุ,154-2-71703-0,ถอนเงิน,803.27,1069.29,สำเร็จ,-
157,158,A-038,25/08/2026,พิชาภพ ตัณสถิตย์,701-3-79526-0,ฝากเงิน,1424.99,3996.17,สำเร็จ,-
158,159,A-039,25/08/2026,ยุลิน เตชะกำพุ,770-6-72116-0,โอนเงิน,1587.56,1165.77,ไม่สำเร็จ (ยอดเงินไม่พอ),987-6-42135-0
159,160,A-040,25/08/2026,ฉลองชัย ถนอมพล,141-6-65364-0,ฝากเงิน,1908.74,2381.5,สำเร็จ,-
160,161,A-001,26/08/2026,พัชรีนิษฐ์ ฉายแสง,524-7-57021-0,ฝากเงิน,1288.97,3225.8,สำเร็จ,-
161,162,A-002,26/08/2026,ธัญญามาศ แก้วอยู่,631-3-17344-0,ฝากเงิน,1616.56,3611.23,สำเร็จ,-
162,163,A-003,26/08/2026,พิไลพร พรรษาสกุล,740-8-54693-0,ฝากเงิน,1793.63,3520.46,สำเร็จ,-
163,164,A-004,26/08/2026,กองสิน ธนประทีป,953-3-62067-0,ฝากเงิน,1012.49,2257.24,สำเร็จ,-
164,165,A-005,26/08/2026,ณปภัช ธัญเสถียร,903-8-71756-0,ถอนเงิน,737.66,1285.52,สำเร็จ,-
165,166,A-006,26/08/2026,เฉลิมรัฐ ธาราธร,542-8-62279-0,โอนเงิน,1569.0,1266.34,ไม่สำเร็จ (ยอดเงินไม่พอ),987-6-81044-0
166,167,A-007,26/08/2026,นิติ ปานสุวรรณ,485-7-24283-0,ฝากเงิน,1860.86,2431.45,สำเร็จ,-
167,168,A-008,26/08/2026,ธมน มิ่งขวัญ,783-9-47814-0,ถอนเงิน,1888.56,439.56,ไม่สำเร็จ (ยอดเงินไม่พอ),-
168,169,A-009,26/08/2026,รชตกร เณรานุสนธิ์,506-4-80481-0,ถอนเงิน,1669.45,156.8,ไม่สำเร็จ (ยอดเงินไม่พอ),-
169,170,A-010,26/08/2026,เทพณรงค์ ศรีธนะเวทย์,778-3-54888-0,ถอนเงิน,1627.34,1120.23,ไม่สำเร็จ (ยอดเงินไม่พอ),-
170,171,A-011,26/08/2026,ธมน นพตระกูล,279-7-86723-0,โอนเงิน,1119.08,1792.36,สำเร็จ,987-6-12827-0
171,172,A-012,26/08/2026,ภาสินี ถนัดอาวุธ,817-9-90198-0,โอนเงิน,1609.36,600.93,ไม่สำเร็จ (ยอดเงินไม่พอ),987-6-95662-0
172,173,A-013,26/08/2026,นิติ ถนัดรบ,149-7-21755-0,ฝากเงิน,1581.01,3375.23,สำเร็จ,-
173,174,A-014,26/08/2026,จันทภา ดุริยพันธุ์,112-1-50895-0,โอนเงิน,1009.95,805.56,ไม่สำเร็จ (ยอดเงินไม่พอ),987-6-71135-0
174,175,A-015,26/08/2026,พรชนก เลิศกิ่ง,824-6-80082-0,ฝากเงิน,416.73,3427.11,สำเร็จ,-
175,176,A-016,26/08/2026,พุทธ ผลบุญ,815-7-36308-0,ฝากเงิน,893.46,3065.52,สำเร็จ,-
176,177,A-017,26/08/2026,ปฐวีกานต์ แหยมศิริ,965-3-91532-0,ถอนเงิน,1863.55,1770.1,ไม่สำเร็จ (ยอดเงินไม่พอ),-
177,178,A-018,26/08/2026,ยุลิน ทับทิมไทย,358-6-60366-0,ฝากเงิน,738.62,1612.0,สำเร็จ,-
178,179,A-019,26/08/2026,จิตตานันท์ ทำประดู่,331-4-19235-0,ฝากเงิน,125.59,3051.24,สำเร็จ,-
179,180,A-020,26/08/2026,กษิดิฐ ทองเนื้อดี,667-8-61290-0,ฝากเงิน,1460.61,3284.23,สำเร็จ,-
180,181,A-021,26/08/2026,นัสรุน ถนอมกุลบุตร,158-1-63134-0,ฝากเงิน,1876.02,4319.81,สำเร็จ,-
181,182,A-022,26/08/2026,เกษมชัย พรสีมา,651-9-19721-0,โอนเงิน,361.16,115.15,ไม่สำเร็จ (ยอดเงินไม่พอ),987-6-41616-0
182,183,A-023,26/08/2026,ฮามีย๊ะ นักรบ,465-3-39504-0,โอนเงิน,484.58,2514.4,สำเร็จ,987-6-49038-0
183,184,A-024,26/08/2026,จีรยุทธ เนตร์มณี,406-4-70745-0,ฝากเงิน,1117.19,2749.25,สำเร็จ,-
184,185,A-025,26/08/2026,ฐิติกุล ดาวอร่าม,481-8-43409-0,โอนเงิน,1639.39,404.79,ไม่สำเร็จ (ยอดเงินไม่พอ),987-6-91049-0
185,186,A-026,26/08/2026,ธนวันต์ ถนอมกุลบุตร,744-2-24747-0,ฝากเงิน,1584.38,4100.57,สำเร็จ,-
186,187,A-027,26/08/2026,สัญชาน นวลเพ็ง,506-2-37810-0,ฝากเงิน,567.21,2161.43,สำเร็จ,-
187,188,A-028,26/08/2026,นาทภูวพัฒน์ นาถะพินธุ,842-1-25845-0,โอนเงิน,1083.15,704.47,ไม่สำเร็จ (ยอดเงินไม่พอ),987-6-36416-0
188,189,A-029,26/08/2026,พงษ์นเรศ ธรรมนิยม,753-3-98024-0,ฝากเงิน,1135.49,2041.89,สำเร็จ,-
189,190,A-030,26/08/2026,นิชนันท์ เธียรายัน,605-2-97724-0,ถอนเงิน,1560.9,1274.62,ไม่สำเร็จ (ยอดเงินไม่พอ),-
190,191,A-031,26/08/2026,กิติกานต์ ศรีธนะเวทย์,503-9-54072-0,ฝากเงิน,130.16,1671.38,สำเร็จ,-
191,192,A-032,26/08/2026,หฤทัย นุตตาร,953-8-34745-0,ฝากเงิน,1388.42,4002.13,สำเร็จ,-
192,193,A-033,26/08/2026,พัชรพร ถนัดอาวุธ,469-4-40502-0,โอนเงิน,461.0,766.25,สำเร็จ,987-6-57150-0
193,194,A-034,26/08/2026,ประจิน ธนูปกรณ์,281-3-47424-0,ฝากเงิน,198.42,2757.94,สำเร็จ,-
194,195,A-035,26/08/2026,พชรภรณ์ ทองสินธุ์,509-9-85030-0,โอนเงิน,1051.99,200.24,ไม่สำเร็จ (ยอดเงินไม่พอ),987-6-94686-0
195,196,A-036,26/08/2026,ชนิศา นาถะพินธุ,150-9-72541-0,ถอนเงิน,1820.85,1082.11,ไม่สำเร็จ (ยอดเงินไม่พอ),-
196,197,A-037,26/08/2026,อุลัยพร นิยมสำหรวจ,710-9-46408-0,ถอนเงิน,1218.5,1205.45,ไม่สำเร็จ (ยอดเงินไม่พอ),-
197,198,A-038,26/08/2026,จด สงประเสริฐ,632-1-85451-0,ถอนเงิน,1602.66,1323.44,ไม่สำเร็จ (ยอดเงินไม่พอ),-
198,199,A-039,26/08/2026,เพียงกมล ธาราธร,444-6-82205-0,ฝากเงิน,1106.14,3879.89,สำเร็จ,-
199,200,A-040,26/08/2026,ธีราทัต ธาราธร,185-9-68485-0,ถอนเงิน,1207.18,1514.25,สำเร็จ,-
200,201,A-001,27/08/2026,ราชพฤกษ์ ถนัดรบ,432-6-38041-0,ฝากเงิน,1639.66,4481.41,สำเร็จ,-
201,202,A-002,27/08/2026,วรรณาต นฤทุกข์,620-7-57190-0,ถอนเงิน,1220.21,1035.18,ไม่สำเร็จ (ยอดเงินไม่พอ),-
202,203,A-003,27/08/2026,นภนต์ เนื้อนุ่ม,745-4-44801-0,โอนเงิน,800.12,288.31,ไม่สำเร็จ (ยอดเงินไม่พอ),987-6-62041-0
203,204,A-004,27/08/2026,ณัฐพิชา ชำนาญวาด,373-7-20917-0,ฝากเงิน,1275.38,3481.78,สำเร็จ,-
204,205,A-005,27/08/2026,สิริลัดดา นาถะเดชะ,201-5-72969-0,ถอนเงิน,1479.68,792.79,ไม่สำเร็จ (ยอดเงินไม่พอ),-
205,206,A-006,27/08/2026,นิชนันท์ ดีตพันธุ์,176-9-51347-0,ฝากเงิน,672.51,3203.71,สำเร็จ,-
206,207,A-007,27/08/2026,สุรนัย ตัณฑนุช,472-1-13763-0,ฝากเงิน,1080.73,2500.13,สำเร็จ,-
207,208,A-008,27/08/2026,กะดิรัตน์ นุชแนวนุ่ม,702-9-65650-0,โอนเงิน,411.24,221.09,ไม่สำเร็จ (ยอดเงินไม่พอ),987-6-34165-0
208,209,A-009,27/08/2026,พรเบญญา นิยมเซียม,838-5-70074-0,โอนเงิน,1216.14,357.24,ไม่สำเร็จ (ยอดเงินไม่พอ),987-6-35729-0
209,210,A-010,27/08/2026,สมเกียรติ ธีวร,325-1-11828-0,โอนเงิน,736.36,1482.94,สำเร็จ,987-6-74060-0
210,211,A-011,27/08/2026,จิตรลดา บุญญาไลย์,883-2-78721-0,ฝากเงิน,1807.5,1963.13,สำเร็จ,-
211,212,A-012,27/08/2026,คำ เช้าวันดี,602-9-58677-0,ถอนเงิน,480.48,463.79,ไม่สำเร็จ (ยอดเงินไม่พอ),-
212,213,A-013,27/08/2026,เทพนารี ซาซุม,800-5-86187-0,โอนเงิน,239.61,392.54,สำเร็จ,987-6-65868-0
213,214,A-014,27/08/2026,พาสุข ศาสตร์ศิลป์,691-7-86309-0,ฝากเงิน,1025.95,3083.07,สำเร็จ,-
214,215,A-015,27/08/2026,อาภัศรา อุลหัสสา,923-8-89684-0,ฝากเงิน,1329.16,3515.83,สำเร็จ,-
215,216,A-016,27/08/2026,อุดมลักษณ์ ปานสุวรรณ,269-5-98556-0,ถอนเงิน,1502.93,353.09,ไม่สำเร็จ (ยอดเงินไม่พอ),-
216,217,A-017,27/08/2026,อชิตะวีร์ ร่มธิติรัตน์,361-5-11922-0,โอนเงิน,1630.84,34.83,ไม่สำเร็จ (ยอดเงินไม่พอ),987-6-89246-0
217,218,A-018,27/08/2026,อุลัยพร ร่มธิติรัตน์,314-8-53986-0,ฝากเงิน,1794.62,3418.3,สำเร็จ,-
218,219,A-019,27/08/2026,อรพิณ พีระเพ็ญกุล,992-1-43528-0,โอนเงิน,930.98,428.88,ไม่สำเร็จ (ยอดเงินไม่พอ),987-6-80923-0
219,220,A-020,27/08/2026,สัญชาน เดชคุ้ม,999-1-37336-0,ถอนเงิน,128.43,880.17,สำเร็จ,-
220,221,A-021,27/08/2026,หลักทรัพย์ ดาบเงิน,899-5-63695-0,โอนเงิน,1375.82,296.56,ไม่สำเร็จ (ยอดเงินไม่พอ),987-6-89617-0
221,222,A-022,27/08/2026,อาภัศรา ตั้งรบ,873-9-85240-0,โอนเงิน,1928.54,173.98,ไม่สำเร็จ (ยอดเงินไม่พอ),987-6-93986-0
222,223,A-023,27/08/2026,สุไฮลัน นาคะนคร,930-2-36081-0,โอนเงิน,818.23,2135.15,สำเร็จ,987-6-63439-0
223,224,A-024,27/08/2026,สุพัตร ดัตพันธุ์,830-7-59723-0,โอนเงิน,1273.31,762.48,ไม่สำเร็จ (ยอดเงินไม่พอ),987-6-37544-0
224,225,A-025,27/08/2026,ภูวิช เตมิยะเดช,821-5-68231-0,ถอนเงิน,1513.25,105.8,ไม่สำเร็จ (ยอดเงินไม่พอ),-
225,226,A-026,27/08/2026,พิมพ์สุตา นวลฉวี,450-9-74185-0,ถอนเงิน,378.13,1003.99,สำเร็จ,-
226,227,A-027,27/08/2026,อาภัศรา ตรีเภรินทร์,778-5-66299-0,ถอนเงิน,1208.86,1259.92,สำเร็จ,-
227,228,A-028,27/08/2026,ฐิติกุล ขำเอนก,325-5-67248-0,ถอนเงิน,264.22,171.72,ไม่สำเร็จ (ยอดเงินไม่พอ),-
228,229,A-029,27/08/2026,เทพนารี อุลหัสสา,266-3-48280-0,โอนเงิน,294.72,1315.84,สำเร็จ,987-6-16334-0
229,230,A-030,27/08/2026,วณัฐดา ถนอมกุลบุตร,972-1-18672-0,ถอนเงิน,1377.63,857.06,ไม่สำเร็จ (ยอดเงินไม่พอ),-
230,231,A-031,27/08/2026,นาทภูวพัฒน์ ถนัดการยนต์,726-1-83273-0,ถอนเงิน,1122.1,1273.65,สำเร็จ,-
231,232,A-032,27/08/2026,จิตตานันท์ ตะละภัฏ,357-4-33943-0,โอนเงิน,605.9,1107.4,สำเร็จ,987-6-37623-0
232,233,A-033,27/08/2026,ราชพฤกษ์ นากกนก,439-6-63314-0,โอนเงิน,1943.37,1433.83,ไม่สำเร็จ (ยอดเงินไม่พอ),987-6-25695-0
233,234,A-034,27/08/2026,ลัดดา นุชแนวนุ่ม,323-4-33138-0,ฝากเงิน,1060.67,3419.51,สำเร็จ,-
234,235,A-035,27/08/2026,มัตติกา เลิศกิ่ง,952-8-29668-0,โอนเงิน,1610.23,532.13,ไม่สำเร็จ (ยอดเงินไม่พอ),987-6-40269-0
235,236,A-036,27/08/2026,จินต์จุฑา แถมธน,553-4-39859-0,ฝากเงิน,1927.39,3793.12,สำเร็จ,-
236,237,A-037,27/08/2026,สุทธิพจน์ เลขะพันธุ์,189-4-47501-0,โอนเงิน,484.5,1753.67,สำเร็จ,987-6-43046-0
237,238,A-038,27/08/2026,ภัคชัญญา ตั้งเผ่า,433-6-56823-0,ถอนเงิน,161.3,2189.45,สำเร็จ,-
238,239,A-039,27/08/2026,ประยุทธ์ ถนัดการยนต์,536-4-74139-0,โอนเงิน,1269.42,1239.26,ไม่สำเร็จ (ยอดเงินไม่พอ),987-6-55050-0
239,240,A-040,27/08/2026,สุธาวี เพียยา,547-5-79765-0,ฝากเงิน,316.29,2697.62,สำเร็จ,-
240,241,A-001,28/08/2026,ทวีวัฒน์ นะวะมันดร,460-6-61911-0,ถอนเงิน,1680.02,1444.74,ไม่สำเร็จ (ยอดเงินไม่พอ),-
241,242,A-002,28/08/2026,จินต์จุฑา ถนัดภาษา,680-3-81896-0,ถอนเงิน,803.55,596.06,ไม่สำเร็จ (ยอดเงินไม่พอ),-
242,243,A-003,28/08/2026,เฉลิมพล ธัญเสถียร,181-5-40858-0,ฝากเงิน,1325.3,1844.61,สำเร็จ,-
243,244,A-004,28/08/2026,ซูไรดา เพียยา,538-3-82085-0,ถอนเงิน,425.93,580.9,สำเร็จ,-
244,245,A-005,28/08/2026,หรรษธร ธัญเสถียร,170-3-72859-0,ฝากเงิน,304.1,2425.04,สำเร็จ,-
245,246,A-006,28/08/2026,เพ็ญพรรษา เธียรายัน,474-9-56570-0,โอนเงิน,1914.53,1149.38,ไม่สำเร็จ (ยอดเงินไม่พอ),987-6-76008-0
246,247,A-007,28/08/2026,กรพนธ์ ดาตู,377-4-18176-0,ถอนเงิน,328.79,197.55,ไม่สำเร็จ (ยอดเงินไม่พอ),-
247,248,A-008,28/08/2026,พรเบญญา แท่นทอง,150-4-48080-0,ฝากเงิน,1170.34,2348.29,สำเร็จ,-
248,249,A-009,28/08/2026,รชตกร นพคเชนทร์,372-3-31282-0,ฝากเงิน,1954.07,3170.7,สำเร็จ,-
249,250,A-010,28/08/2026,วิกิจ พงศ์ฉบับนภา,652-9-66639-0,โอนเงิน,1189.47,1546.55,สำเร็จ,987-6-67587-0
250,251,A-011,28/08/2026,ถนอมชัย นิยมสำหรวจ,175-5-36898-0,ฝากเงิน,1741.92,3144.38,สำเร็จ,-
251,252,A-012,28/08/2026,สนั่น ตั้งกุลงาม,471-3-16460-0,ฝากเงิน,1567.77,2174.32,สำเร็จ,-
252,253,A-013,28/08/2026,ภูวิช นิติสาขา,189-8-94387-0,โอนเงิน,550.91,2095.37,สำเร็จ,987-6-95981-0
253,254,A-014,28/08/2026,สุรนีย์ ไทยแท้,786-1-38517-0,โอนเงิน,413.51,2148.3,สำเร็จ,987-6-51430-0
254,255,A-015,28/08/2026,อเนชา บุณยะภาชน์,457-3-73988-0,ถอนเงิน,1812.39,1573.13,ไม่สำเร็จ (ยอดเงินไม่พอ),-
255,256,A-016,28/08/2026,ปิยนาฎ เดชวา,419-6-85089-0,โอนเงิน,1362.13,690.32,ไม่สำเร็จ (ยอดเงินไม่พอ),987-6-21743-0
256,257,A-017,28/08/2026,ทินพร นิลเสนา,774-6-12496-0,ถอนเงิน,1717.04,286.74,ไม่สำเร็จ (ยอดเงินไม่พอ),-
257,258,A-018,28/08/2026,วีระวัฒน์ ธูปะวิโรจน์,599-7-11570-0,ถอนเงิน,694.83,1955.25,สำเร็จ,-
258,259,A-019,28/08/2026,บุญพา ทหารแท้,727-4-46479-0,ฝากเงิน,652.49,2033.73,สำเร็จ,-
259,260,A-020,28/08/2026,อุดมลักษณ์ ทองปากน้ำ,362-3-52292-0,โอนเงิน,1174.53,929.52,ไม่สำเร็จ (ยอดเงินไม่พอ),987-6-28719-0
260,261,A-021,28/08/2026,ศจีกาญจน์ นามเสวตร,994-4-61883-0,โอนเงิน,778.03,980.76,สำเร็จ,987-6-68883-0
261,262,A-022,28/08/2026,กองสิน บุณยะภาชน์,180-2-15049-0,โอนเงิน,561.5,1414.59,สำเร็จ,987-6-78072-0
262,263,A-023,28/08/2026,นพรัตน์ อัตตนาถ,676-8-62123-0,โอนเงิน,1429.22,991.21,ไม่สำเร็จ (ยอดเงินไม่พอ),987-6-11733-0
263,264,A-024,28/08/2026,ธมลพรรณ ขำเอนก,707-6-16761-0,โอนเงิน,1168.23,241.89,ไม่สำเร็จ (ยอดเงินไม่พอ),987-6-58274-0
264,265,A-025,28/08/2026,พรพิไล นำธวัช,971-2-67915-0,โอนเงิน,1406.6,282.87,ไม่สำเร็จ (ยอดเงินไม่พอ),987-6-56802-0
265,266,A-026,28/08/2026,ธัญญกัญญา ผลบุญ,680-6-32731-0,ฝากเงิน,940.19,3864.44,สำเร็จ,-
266,267,A-027,28/08/2026,มณียา ถนอมมนุษย์,770-3-76786-0,โอนเงิน,1194.31,276.32,ไม่สำเร็จ (ยอดเงินไม่พอ),987-6-37311-0
267,268,A-028,28/08/2026,ฟิรยา ฉัพพรรณธนกูร,437-3-33655-0,ฝากเงิน,698.15,3728.36,สำเร็จ,-
268,269,A-029,28/08/2026,วิพุธ ศาสตร์ศิลป์,665-5-32253-0,ถอนเงิน,1442.54,1449.58,สำเร็จ,-
269,270,A-030,28/08/2026,มาสิตะ แนวพญา,798-1-54625-0,ถอนเงิน,1596.25,463.69,ไม่สำเร็จ (ยอดเงินไม่พอ),-
270,271,A-031,28/08/2026,ศิริญา นุตตาร,732-8-68904-0,โอนเงิน,1455.11,786.86,ไม่สำเร็จ (ยอดเงินไม่พอ),987-6-79889-0
271,272,A-032,28/08/2026,ธีร์ธวันาย ไทยแท้,199-9-60798-0,ฝากเงิน,492.2,2726.32,สำเร็จ,-
272,273,A-033,28/08/2026,ฮานาฟี เดชวา,707-1-86959-0,ถอนเงิน,445.78,1185.44,สำเร็จ,-
273,274,A-034,28/08/2026,เกษรา งามพิเชษฐ์,894-3-88366-0,ถอนเงิน,1027.75,1744.71,สำเร็จ,-
274,275,A-035,28/08/2026,เกษรา ซาซุม,787-2-82100-0,โอนเงิน,1573.87,279.75,ไม่สำเร็จ (ยอดเงินไม่พอ),987-6-40121-0
275,276,A-036,28/08/2026,เจษฏาภรณ์ ถุงเงิน,155-8-46464-0,โอนเงิน,737.06,400.68,ไม่สำเร็จ (ยอดเงินไม่พอ),987-6-63658-0
276,277,A-037,28/08/2026,นาตยา ทีฆะ,537-8-76260-0,ถอนเงิน,282.46,1407.33,สำเร็จ,-
277,278,A-038,28/08/2026,นภนต์ ธัญาโภชน์,330-4-69505-0,ฝากเงิน,764.9,2676.4,สำเร็จ,-
278,279,A-039,28/08/2026,ประภัทร์สรณ์ เช้าวันดี,483-9-52158-0,ฝากเงิน,295.61,1736.73,สำเร็จ,-
279,280,A-040,28/08/2026,ธัญญามาศ นุ่มกัน,858-5-94352-0,โอนเงิน,836.3,563.6,ไม่สำเร็จ (ยอดเงินไม่พอ),987-6-86177-0
280,281,A-001,29/08/2026,ดวงจันทร์ ถนัดรักษา,284-8-30097-0,ฝากเงิน,1530.69,1950.44,สำเร็จ,-
281,282,A-002,29/08/2026,จณิสตา ตั้งเผ่า,943-8-98716-0,ถอนเงิน,334.43,693.22,สำเร็จ,-
282,283,A-003,29/08/2026,สราญจิตต์ ถะเกิงชศ,431-8-61660-0,โอนเงิน,707.63,1735.3,สำเร็จ,987-6-80288-0
283,284,A-004,29/08/2026,เจษฏาภรณ์ ฉายแสง,152-6-91219-0,โอนเงิน,1119.46,1712.92,สำเร็จ,987-6-18065-0
284,285,A-005,29/08/2026,อัษฏา ธาราธร,776-7-37408-0,ถอนเงิน,754.14,1102.87,สำเร็จ,-
285,286,A-006,29/08/2026,นันทวุฒิ ถนัดรบ,892-3-11098-0,โอนเงิน,855.14,365.54,ไม่สำเร็จ (ยอดเงินไม่พอ),987-6-60947-0
286,287,A-007,29/08/2026,วีรชัย นาถะพินธุ,942-6-60422-0,ฝากเงิน,1582.22,2395.96,สำเร็จ,-
287,288,A-008,29/08/2026,สมหมาย นวลฉวี,459-2-63456-0,ถอนเงิน,657.99,113.14,ไม่สำเร็จ (ยอดเงินไม่พอ),-
288,289,A-009,29/08/2026,นาทภูวพัฒน์ ธรรมทินนา,247-7-67279-0,ฝากเงิน,1602.62,3946.0,สำเร็จ,-
289,290,A-010,29/08/2026,ศศินา นาถะพินธุ,383-4-35420-0,โอนเงิน,1311.75,309.32,ไม่สำเร็จ (ยอดเงินไม่พอ),987-6-30759-0
290,291,A-011,29/08/2026,พรชีวิน ตัณสถิตย์,698-9-27024-0,ฝากเงิน,1931.89,2415.11,สำเร็จ,-
291,292,A-012,29/08/2026,อาแอเสาะ นาถะพินธุ,424-3-12717-0,โอนเงิน,734.28,1423.32,สำเร็จ,987-6-57005-0
292,293,A-013,29/08/2026,วรรณนิสา นิลสลัว,767-2-27507-0,โอนเงิน,1416.77,102.04,ไม่สำเร็จ (ยอดเงินไม่พอ),987-6-79847-0
293,294,A-014,29/08/2026,วันชนก ศรีวงค์,858-6-18500-0,โอนเงิน,497.18,2.68,ไม่สำเร็จ (ยอดเงินไม่พอ),987-6-60283-0
294,295,A-015,29/08/2026,เรืองเกียรติ สันตะวงศ์,311-1-49849-0,ฝากเงิน,977.39,3210.18,สำเร็จ,-
295,296,A-016,29/08/2026,อณัฐตา บุนยะศัพท์,932-2-62465-0,ฝากเงิน,1086.05,3550.65,สำเร็จ,-
296,297,A-017,29/08/2026,มนัญชยา ถนอมพล,767-8-97432-0,โอนเงิน,1465.4,152.77,ไม่สำเร็จ (ยอดเงินไม่พอ),987-6-46782-0
297,298,A-018,29/08/2026,ฉลองชัย น้ำทิพย์,476-9-36993-0,ถอนเงิน,1331.3,1312.42,ไม่สำเร็จ (ยอดเงินไม่พอ),-
298,299,A-019,29/08/2026,ศศิรินทร์ อุลหัสสา,503-8-90825-0,ฝากเงิน,552.2,1371.47,สำเร็จ,-
299,300,A-020,29/08/2026,ฐิติณัฐฐา ศาสตร์ศิลป์,540-5-64453-0,โอนเงิน,202.96,123.83,ไม่สำเร็จ (ยอดเงินไม่พอ),987-6-27405-0
